City,Lat,Lng,Max Temp,Humidity,Cloudiness,Wind Speed,Country,Date
Cheremshan,54.6667,51.5,56.19,49,40,3.4,RU,1627249903
Rikitea,-23.1203,-134.9692,71.01,67,19,4.7,PF,1627249904
Kalmunai,7.4167,81.8167,80.02,79,100,4.85,LK,1627249904
Sinnamary,5.3833,-52.95,78.53,82,81,6.64,GF,1627249905
Kazanskoye,55.6448,69.235,51.78,79,1,9.73,RU,1627249905
Torbay,47.6666,-52.7314,58.75,88,75,11.5,CA,1627249906
Albany,42.6001,-73.9662,83.84,84,36,3.98,US,1627249860
Saint-Leu,-21.15,55.2833,67.03,73,55,4.7,RE,1627249907
Aripuanã,-9.1667,-60.6333,84.67,39,18,1.41,BR,1627249907
Tuatapere,-46.1333,167.6833,45.82,94,100,3.11,NZ,1627249908
Bang Saphan,11.2126,99.5117,78.3,85,100,6.31,TH,1627249908
Saint George,37.1041,-113.5841,96.33,31,1,8.05,US,1627249622
Antigonish,45.6169,-61.9986,74.19,67,73,1.99,CA,1627249621
Shelburne,44.0787,-80.2041,82.67,37,0,11.21,CA,1627249910
Ushuaia,-54.8,-68.3,35.26,87,40,26.46,AR,1627249796
Longyearbyen,78.2186,15.6401,42.37,87,99,0.4,SJ,1627249864
Castro,-24.7911,-50.0119,57.04,65,2,4.47,BR,1627249911
Cabo San Lucas,22.8909,-109.9124,95.81,70,8,8.5,MX,1627249912
Busselton,-33.65,115.3333,58.08,65,18,21.12,AU,1627249912
Loviisa,60.4566,26.2251,66.45,70,100,6.13,FI,1627249913
Port Alfred,-33.5906,26.891,61.16,37,65,10.27,ZA,1627249914
Tuktoyaktuk,69.4541,-133.0374,48.2,93,90,17.27,CA,1627249914
Prokop'yevsk,53.9059,86.719,63.95,92,99,4.34,RU,1627249915
Emerald,-23.5333,148.1667,52.99,43,28,8.05,AU,1627249915
Kruisfontein,-34.0033,24.7314,55.0,33,67,8.16,ZA,1627249916
Sosnovoborsk,56.1325,93.3589,60.35,87,0,2.93,RU,1627249916
Zhigansk,66.7697,123.3711,62.74,63,29,9.22,RU,1627249898
Naberera,-4.2,36.9333,57.76,58,42,10.56,TZ,1627249917
Aklavik,68.2191,-135.0107,54.32,69,100,14.88,CA,1627249343
Bluff,-46.6,168.3333,45.81,85,100,6.11,NZ,1627249918
Danielskuil,-28.1887,23.5395,42.26,42,99,8.34,ZA,1627249919
Khatanga,71.9667,102.5,52.32,76,33,5.19,RU,1627249824
Provideniya,64.3833,-173.3,48.31,93,90,6.71,RU,1627249832
Avarua,-21.2078,-159.775,78.85,78,20,9.22,CK,1627249920
San Quintín,30.4833,-115.95,68.58,82,100,5.57,MX,1627249921
Puerto Ayora,-0.7393,-90.3518,80.56,85,41,10.0,EC,1627249922
Mar del Plata,-38.0023,-57.5575,52.09,60,90,7.0,AR,1627249853
Deputatsky,69.3,139.9,50.04,64,4,4.43,RU,1627249329
Yeppoon,-23.1333,150.7333,44.38,47,2,5.44,AU,1627249923
Rundu,-17.9333,19.7667,52.5,53,0,6.85,NA,1627249923
São João da Barra,-21.6403,-41.0511,71.69,72,0,14.61,BR,1627249097
Comodoro Rivadavia,-45.8667,-67.5,46.26,57,40,5.75,AR,1627249924
Dzaoudzi,-12.7887,45.2699,76.89,65,0,17.27,YT,1627249925
Maningrida,-12.0667,134.2667,67.53,90,49,9.04,AU,1627249925
Saint-Augustin,51.226,-58.6502,68.43,59,30,19.3,CA,1627249926
Dunedin,-45.8742,170.5036,50.81,72,100,11.01,NZ,1627249830
Tiksi,71.6872,128.8694,50.68,84,100,5.97,RU,1627249927
George Town,5.4112,100.3354,82.89,87,20,1.01,MY,1627249927
Dikson,73.5069,80.5464,40.68,81,100,12.93,RU,1627249928
Pangoa,-12.1167,-73.0,79.86,60,54,2.59,PE,1627249928
Ribeira Grande,38.5167,-28.7,70.45,82,25,14.34,PT,1627249849
Kapaa,22.0752,-159.319,83.19,79,75,5.01,US,1627249731
Upernavik,72.7868,-56.1549,41.63,79,14,11.61,GL,1627249930
Qaanaaq,77.484,-69.3632,40.71,70,80,3.96,GL,1627249930
Mataura,-46.1927,168.8643,45.48,90,100,2.73,NZ,1627249931
Tha Mai,12.6214,102.0048,77.25,85,100,4.76,TH,1627249931
Santarém,-2.4431,-54.7083,86.13,70,0,5.75,BR,1627249680
Yellowknife,62.456,-114.3525,64.33,51,40,11.5,CA,1627249862
Nome,64.5011,-165.4064,50.16,87,90,9.22,US,1627249932
Hambantota,6.1241,81.1185,77.34,100,75,4.61,LK,1627249933
Yar-Sale,66.8333,70.8333,44.02,83,56,9.01,RU,1627249933
Punta Arenas,-53.15,-70.9167,37.51,81,0,14.97,CL,1627249934
Norman Wells,65.282,-126.8329,73.44,38,40,5.75,CA,1627249826
Shaowu,27.3409,117.4831,75.96,94,100,4.21,CN,1627249935
Bredasdorp,-34.5322,20.0403,51.28,93,100,2.3,ZA,1627249935
Faanui,-16.4833,-151.75,78.08,65,0,10.78,PF,1627249936
Coquimbo,-29.9533,-71.3436,58.73,72,0,9.22,CL,1627249324
Arraial do Cabo,-22.9661,-42.0278,71.56,68,0,11.5,BR,1627249937
Saint-Philippe,-21.3585,55.7679,67.55,75,52,10.58,RE,1627249830
Hasaki,35.7333,140.8333,77.4,75,18,17.52,JP,1627249937
Hermanus,-34.4187,19.2345,58.89,53,100,9.86,ZA,1627249938
Liberty,31.8335,-81.5004,92.05,46,20,1.99,US,1627249939
Dutse,11.7594,9.3392,75.85,82,95,11.86,NG,1627249939
Cham,47.1821,8.4636,64.62,92,90,0.0,CH,1627249940
Birjand,32.8663,59.2211,82.87,12,0,4.61,IR,1627249940
Carnarvon,-24.8667,113.6333,51.87,73,2,5.75,AU,1627249941
Bowen,-20.0167,148.2333,41.22,59,68,5.14,AU,1627249814
Hilo,19.7297,-155.09,81.81,83,90,6.91,US,1627249942
Salalah,17.0151,54.0924,77.29,85,83,13.87,OM,1627249942
Sitka,57.0531,-135.33,57.09,82,75,4.61,US,1627249943
Njombe,-9.3333,34.7667,40.41,84,2,6.46,TZ,1627249943
Remedios,22.4947,-79.5458,84.16,71,37,11.48,CU,1627249944
Guerrero Negro,27.9769,-114.0611,78.12,57,50,14.76,MX,1627249944
Kapasan,-6.7773,111.3789,68.54,86,15,4.41,ID,1627249945
Eyl,7.9803,49.8164,77.13,73,45,21.05,SO,1627249945
Okato,-39.2,173.8833,53.42,91,99,25.26,NZ,1627249946
Saint Paul Harbor,57.79,-152.4072,53.11,87,90,5.75,US,1627249947
Kahului,20.8947,-156.47,87.82,78,40,23.02,US,1627249675
Barrow,71.2906,-156.7887,44.62,93,90,11.5,US,1627249931
Mehamn,71.0357,27.8492,44.28,85,100,14.05,NO,1627249948
Half Moon Bay,37.4636,-122.4286,94.75,62,40,1.01,US,1627249919
Terney,45.0503,136.6092,74.79,80,99,2.17,RU,1627249949
Puerto Nariño,-3.7703,-70.3831,85.95,78,100,3.44,CO,1627249950
Lompoc,34.6391,-120.4579,84.22,72,90,16.11,US,1627249950
Vadsø,70.0744,29.7487,47.28,71,75,11.5,NO,1627249951
Hithadhoo,-0.6,73.0833,81.0,74,88,5.19,MV,1627249951
Poyarkovo,49.6,128.6833,68.32,98,100,3.44,RU,1627249952
Nouadhibou,20.931,-17.0347,71.58,88,5,19.57,MR,1627249953
Geraldton,-28.7667,114.6,46.81,93,75,14.97,AU,1627249953
Bengkulu,-3.8004,102.2655,73.83,84,2,5.19,ID,1627249954
Vaini,-21.2,-175.2,77.16,83,40,2.3,TO,1627249954
San Policarpo,12.1791,125.5072,79.61,80,17,7.58,PH,1627249955
Lebu,-37.6167,-73.65,49.73,89,59,16.37,CL,1627249955
Chegdomyn,51.1167,133.0167,67.39,96,100,2.28,RU,1627249956
Cayenne,4.9333,-52.3333,78.84,90,75,1.99,GF,1627249896
Coyhaique,-45.5752,-72.0662,43.41,56,40,4.61,CL,1627249957
Alipur Chatha,32.2688,73.819,91.65,53,61,7.7,PK,1627249957
Butaritari,3.0707,172.7902,82.26,74,85,10.67,KI,1627249816
Lamu,-2.2717,40.902,75.42,77,5,21.85,KE,1627249958
Chabahar,25.2919,60.643,85.28,78,50,2.44,IR,1627249959
Tiznit Province,29.5833,-9.5,78.33,35,0,3.49,MA,1627249959
Zeitz,51.05,12.15,69.3,76,87,4.09,DE,1627249960
Waitati,-45.75,170.5667,50.81,72,100,7.52,NZ,1627249960
Brae,60.3964,-1.353,57.11,89,3,4.56,GB,1627249961
Boueni,-12.9025,45.0761,76.98,65,57,17.92,YT,1627249961
Jérémie,18.65,-74.1167,83.52,76,100,5.08,HT,1627249962
Laguna,38.421,-121.4238,107.13,25,1,4.0,US,1627249846
Kavieng,-2.5744,150.7967,81.61,74,89,3.6,PG,1627249963
Esperance,-33.8667,121.9,51.64,88,2,17.72,AU,1627249963
Atuona,-9.8,-139.0333,77.81,71,54,23.22,PF,1627249964
Martapura,-3.4167,114.85,71.69,94,3,4.61,ID,1627249965
Kiama,-34.6833,150.8667,57.25,65,0,7.0,AU,1627249965
Port Elizabeth,-33.918,25.5701,50.29,81,40,2.3,ZA,1627249966
Fortuna,40.5982,-124.1573,68.86,79,1,14.97,US,1627249966
College,64.8569,-147.8028,68.58,54,75,8.05,US,1627249967
Pevek,69.7008,170.3133,35.1,90,100,8.21,RU,1627249965
Hearst,49.6835,-83.6665,77.25,95,67,3.36,CA,1627249968
Murakami,38.2333,139.4833,80.49,74,7,4.16,JP,1627249968
Hashtrūd,37.4779,47.0508,71.01,61,0,4.7,IR,1627249969
Cloquet,46.7216,-92.4594,88.61,28,1,12.66,US,1627249900
Paamiut,61.994,-49.6678,43.77,74,78,5.12,GL,1627249970
Magistral'nyy,56.1725,107.4458,58.96,76,19,1.61,RU,1627249970
Mount Isa,-20.7333,139.5,49.77,43,9,5.75,AU,1627249971
Kemijärvi,66.7131,27.4306,55.62,92,96,1.95,FI,1627249972
Sibolga,1.7427,98.7792,76.51,82,53,2.66,ID,1627249972
Nanchong,30.7951,106.0847,76.21,88,1,2.77,CN,1627249973
Cururupu,-1.8283,-44.8683,75.2,84,71,3.56,BR,1627249973
Tasiilaq,65.6145,-37.6368,38.84,81,38,4.25,GL,1627249827
Ullapool,57.8987,-5.1604,59.76,89,7,2.95,GB,1627249975
Omboué,-1.5746,9.2618,73.8,79,96,5.82,GA,1627249975
Port Said,31.2565,32.2841,80.58,78,40,12.66,EG,1627249896
Kununurra,-15.7667,128.7333,57.18,88,78,0.0,AU,1627249977
Manta,-0.95,-80.7333,76.78,73,75,12.66,EC,1627249977
Jamestown,42.097,-79.2353,83.52,57,1,11.5,US,1627249856
Ayan,56.45,138.1667,63.28,86,78,4.88,RU,1627249853
Chui,-33.6971,-53.4616,62.26,91,1,4.63,UY,1627249979
Votkinsk,57.0486,53.9872,50.77,58,78,4.03,RU,1627249979
Pemberton,50.3164,-122.8027,87.49,33,23,8.14,CA,1627249980
Iqaluit,63.7506,-68.5145,49.73,87,75,5.01,CA,1627249902
Progreso,21.2833,-89.6667,92.1,68,97,10.65,MX,1627249981
Narasannapeta,18.4167,84.05,82.09,76,100,6.69,IN,1627249981
Padang,-0.9492,100.3543,77.58,85,28,3.83,ID,1627249879
Gweta,-20.1833,25.2333,50.83,58,0,14.63,BW,1627249982
Preobrazheniye,42.9019,133.9064,75.45,78,37,1.23,RU,1627249983
Concordia,-31.393,-58.0209,60.87,94,90,11.99,AR,1627249983
The Valley,18.217,-63.0578,82.54,89,75,13.8,AI,1627249984
Pisco,-13.7,-76.2167,64.45,77,20,9.22,PE,1627249984
Tomatlán,19.9333,-105.25,89.02,66,33,10.07,MX,1627249985
Tezu,27.9167,96.1667,76.75,98,100,2.44,IN,1627249985
Oodweyne,9.4092,45.064,71.38,49,82,19.53,SO,1627249986
Cape Town,-33.9258,18.4232,59.11,57,0,4.61,ZA,1627249747
Vardø,70.3705,31.1107,46.6,79,99,20.07,NO,1627249987
Hamilton,39.1834,-84.5333,89.89,68,1,6.91,US,1627249718
Leningradskiy,69.3833,178.4167,39.31,86,99,4.79,RU,1627249988
Severo-Kuril'sk,50.6789,156.125,56.77,92,82,3.49,RU,1627249905
Bambous Virieux,-20.3428,57.7575,70.05,60,20,8.05,MU,1627249989
Balyaga,51.1507,108.921,55.92,81,48,3.44,RU,1627249990
Beyneu,45.3167,55.2,86.27,19,64,13.69,KZ,1627249990
Saldanha,-33.0117,17.9442,51.85,45,100,13.42,ZA,1627249874
Nador,35.174,-2.9287,84.27,44,0,19.57,MA,1627249991
Coronado,32.6859,-117.1831,88.47,73,100,4.0,US,1627249992
Flinders,-34.5833,150.8552,57.06,68,0,3.0,AU,1627249993
Anchorage,61.2181,-149.9003,65.64,70,90,3.44,US,1627249735
New Norfolk,-42.7826,147.0587,45.57,72,51,1.01,AU,1627249994
Belmonte,-15.8631,-38.8828,68.5,86,68,9.8,BR,1627249855
Clyde River,70.4692,-68.5914,35.83,100,90,5.75,CA,1627249829
Straumen,63.8709,11.2999,64.51,91,30,3.29,NO,1627249995
Port Hardy,50.6996,-127.4199,62.78,77,75,4.61,CA,1627249995
Dhidhdhoo,6.8833,73.1,82.11,76,100,17.87,MV,1627249996
Fort Nelson,58.8053,-122.7002,72.99,33,40,6.91,CA,1627249996
Chambas,22.1928,-78.9136,85.53,66,66,7.67,CU,1627249997
Antalaha,-14.9003,50.2788,65.68,83,76,8.68,MG,1627249952
Thompson,55.7435,-97.8558,64.56,39,20,13.8,CA,1627249843
Uchaly,54.2996,59.4521,46.38,70,0,4.52,RU,1627250000
Shancheng,34.7953,116.0817,74.35,86,45,4.25,CN,1627250002
Auki,-8.7676,160.7034,80.38,79,74,4.16,SB,1627249909
Nikolskoye,59.7035,30.7861,64.29,74,34,3.02,RU,1627250002
San Ignacio,17.1561,-89.0714,93.34,49,40,0.0,BZ,1627250003
Uyovu,-3.2833,31.5258,66.04,40,55,5.06,TZ,1627250004
Pionki,51.476,21.4499,69.28,53,100,7.83,PL,1627250004
Gazli,40.1333,63.45,93.69,14,0,14.29,UZ,1627250005
Agadez,19.75,10.25,90.64,15,90,9.69,NE,1627250005
Ancud,-41.8697,-73.8203,45.93,70,21,8.1,CL,1627250006
Arco,45.9177,10.8867,76.87,81,95,5.7,IT,1627250007
Hong Kong,22.2855,114.1577,85.32,85,13,1.01,HK,1627249986
Kralendijk,12.15,-68.2667,84.18,74,0,13.8,BQ,1627250008
Porto-Novo,6.4965,2.6036,75.25,79,22,6.82,BJ,1627249819
Nogliki,51.8333,143.1667,72.34,82,100,10.4,RU,1627250008
Sai Buri,6.7013,101.6168,77.07,86,75,4.83,TH,1627250009
Cesvaine,56.9667,26.3167,59.81,69,20,2.08,LV,1627250009
Yaviza,8.1537,-77.6931,76.68,94,100,0.72,PA,1627250010
Yārāda,17.65,83.2667,82.72,94,40,10.36,IN,1627250011
Roebourne,-20.7833,117.1333,68.25,46,74,5.82,AU,1627250011
Okmulgee,35.6234,-95.9605,97.02,46,75,5.75,US,1627250012
Mahébourg,-20.4081,57.7,70.09,60,20,8.05,MU,1627250012
Inuvik,68.3499,-133.7218,54.36,90,90,11.5,CA,1627250013
Chickasha,35.0526,-97.9364,99.28,46,1,11.5,US,1627249897
Ulaangom,49.9811,92.0667,64.94,63,100,0.63,MN,1627250014
Yanam,16.7333,82.2167,80.31,82,58,4.27,IN,1627250014
East London,-33.0153,27.9116,58.89,32,6,7.36,ZA,1627250015
Bourail,-21.5667,165.4833,70.83,75,20,4.97,NC,1627250015
Usinsk,65.9939,57.5281,43.7,89,93,9.53,RU,1627249840
Lüderitz,-26.6481,15.1594,66.94,21,100,4.38,NA,1627250016
Najrān,17.4924,44.1277,84.85,38,88,1.03,SA,1627250017
Matagami,49.7502,-77.6328,66.31,77,75,8.05,CA,1627250017
Bilma,18.6853,12.9164,78.6,68,97,10.71,NE,1627250018
Hobart,-42.8794,147.3294,45.91,71,20,1.01,AU,1627250018
Sekoma,-24.4,23.8833,44.22,58,2,9.64,BW,1627250019
Saint-Pierre,-21.3393,55.4781,67.64,63,0,6.91,RE,1627250020
San Juan,-31.5375,-68.5364,57.06,32,11,7.92,AR,1627250020
Bathsheba,13.2167,-59.5167,79.41,94,75,11.5,BB,1627249948
Acaraú,-2.8856,-40.12,78.55,75,15,15.55,BR,1627250021
Safi,32.2994,-9.2372,69.24,87,0,16.58,MA,1627249866
Dali,25.7,100.1833,60.3,86,73,0.47,CN,1627250022
Olafsvik,64.8945,-23.7142,49.59,91,86,24.99,IS,1627249831
La Ronge,55.1001,-105.2842,70.02,52,75,8.05,CA,1627249851
Takoradze,4.8845,-1.7554,74.89,79,19,7.45,GH,1627250023
Vila Franca do Campo,37.7167,-25.4333,70.21,89,41,6.46,PT,1627249959
Luleå,65.5842,22.1547,60.87,82,40,0.0,SE,1627249989
Bayir,37.2687,28.2167,68.52,59,24,4.45,TR,1627250024
Sayyan,15.1718,44.3244,60.89,72,86,3.09,YE,1627250025
Airai,-8.9266,125.4092,54.81,57,66,3.18,TL,1627250025
Gusau,12.1628,6.6614,75.56,84,100,10.49,NG,1627250026
Prainha,-1.8,-53.48,80.96,58,78,3.33,BR,1627250027
Fortuna Foothills,32.6578,-114.4119,93.25,53,1,4.0,US,1627250027
Dehlorān,32.6941,47.2679,102.61,12,20,9.6,IR,1627250028
Rapid Valley,44.0625,-103.1463,102.4,18,1,1.01,US,1627250028
Vestmannaeyjar,63.4427,-20.2734,51.12,81,93,20.2,IS,1627249884
Medicine Hat,50.0501,-110.6683,89.22,21,40,1.01,CA,1627249875
Uíge,-7.6087,15.0613,66.29,53,19,3.29,AO,1627250029
Ibrā’,22.6906,58.5334,90.72,42,69,4.61,OM,1627249941
Ilulissat,69.2167,-51.1,44.56,57,100,7.9,GL,1627249910
Omsukchan,62.5333,155.8,53.56,98,100,6.4,RU,1627250030
Saint-François,46.4154,3.9054,67.17,78,0,3.44,FR,1627250031
Sungai Raya,0.7,108.9,78.57,89,59,6.71,ID,1627250031
Santa Inês,-3.6667,-45.38,80.17,53,24,3.4,BR,1627249970
La Serena,-29.9078,-71.2542,58.51,72,0,9.22,CL,1627249943
Codrington,-38.2667,141.9667,51.37,91,87,15.03,AU,1627249924
Klaksvík,62.2266,-6.589,50.92,95,100,6.46,FO,1627250033
Rio Grande,-32.035,-52.0986,64.94,87,11,8.52,BR,1627249803
Souillac,-20.5167,57.5167,70.18,60,20,8.05,MU,1627250034
Lesnoy,57.6198,63.0784,47.8,75,61,6.24,RU,1627250034
Lago da Pedra,-4.3333,-45.1667,80.96,49,53,5.03,BR,1627250035
Cidreira,-30.1811,-50.2056,64.96,74,14,10.38,BR,1627249909
Nuuk,64.1835,-51.7216,52.88,62,100,5.01,GL,1627249841
Alta Floresta,-9.8756,-56.0861,82.38,35,18,2.46,BR,1627250036
Alofi,-19.0595,-169.9187,80.49,78,8,4.61,NU,1627250036
Henties Bay,-22.116,14.2845,68.13,38,62,2.66,NA,1627249820
Constitución,-35.3333,-72.4167,51.12,91,20,7.49,CL,1627250037
Yangi Marg`ilon,40.4272,71.7189,80.02,36,0,6.91,UZ,1627250038
Aransas Pass,27.9095,-97.15,93.22,71,1,8.99,US,1627250038
Broome,42.2506,-75.833,86.16,62,75,1.01,US,1627249906
Krasnoturansk,54.3186,91.5639,66.99,89,75,3.0,RU,1627250040
Oranjestad,12.524,-70.027,82.35,89,75,10.36,AW,1627249915
Narsaq,60.9167,-46.05,50.47,58,28,1.59,GL,1627250040
Pacific Grove,36.6177,-121.9166,92.01,78,20,5.01,US,1627250041
Nishihara,26.1842,127.7558,80.26,94,75,9.22,JP,1627250041
Seoul,37.5683,126.9778,81.97,67,0,11.5,KR,1627249898
Kaitangata,-46.2817,169.8464,46.45,81,100,3.06,NZ,1627249830
Mogadishu,2.0371,45.3438,76.21,77,51,20.92,SO,1627250043
Novovelichkovskaya,45.2778,38.8436,78.12,55,17,10.2,RU,1627250043
Avera,33.194,-82.5271,93.7,52,89,5.68,US,1627250044
Tsimmerbude,54.675,20.1347,66.25,80,100,9.28,RU,1627250045
Sydney,-33.8679,151.2073,54.75,71,20,4.0,AU,1627249820
Dakar,14.6937,-17.4441,81.48,74,0,0.0,SN,1627250046
Port Keats,-14.25,129.55,68.95,57,79,5.86,AU,1627250046
Tondano,1.3038,124.9112,66.29,93,89,4.99,ID,1627250047
Ketchikan,55.3422,-131.6461,58.57,79,97,2.68,US,1627250047
Batouri,4.4333,14.3667,67.41,97,100,3.02,CM,1627250048
Lékoni,-1.5843,14.2591,82.0,42,98,8.55,GA,1627250048
Hofn,64.2539,-15.2082,52.57,91,100,16.84,IS,1627249949
Maragogi,-9.0122,-35.2225,73.85,88,29,11.99,BR,1627250049
Murud,18.3258,72.965,79.7,88,100,18.88,IN,1627250050
Capaci,38.1711,13.2393,84.07,56,0,3.0,IT,1627250050
Wewak,-3.5534,143.6268,75.09,87,67,5.59,PG,1627250051
Kelo,9.3086,15.8066,74.25,90,100,2.28,TD,1627250051
Rome,43.2128,-75.4557,84.43,70,5,1.01,US,1627250052
Baker City,44.7749,-117.8344,95.94,10,2,5.75,US,1627250052
Palmer,42.1584,-72.3287,79.63,77,90,3.44,US,1627250053
Río Gallegos,-51.6226,-69.2181,37.45,65,0,17.27,AR,1627250054
Kushiro,42.975,144.3747,65.8,89,31,2.21,JP,1627250054
Poronaysk,49.2167,143.1167,73.71,80,100,4.25,RU,1627250055
Kon Tum,14.35,108.0,69.67,96,100,4.36,VN,1627250055
Lafayette,30.2335,-92.0668,96.93,61,15,3.0,US,1627249981
Faya,18.3851,42.4509,66.31,77,100,4.68,SA,1627249949
Lahaina,20.8783,-156.6825,85.24,91,38,9.22,US,1627250057
Kiryat Gat,31.61,34.7642,81.81,80,1,5.41,IL,1627250057
Majene,-3.5403,118.9707,73.81,89,26,7.58,ID,1627250058
Qaqortoq,60.7167,-46.0333,47.23,69,38,1.3,GL,1627249920
Mossamedes,-15.1961,12.1522,66.29,85,0,4.7,AO,1627250059
Touros,-5.1989,-35.4608,77.9,78,4,11.92,BR,1627250059
Ures,29.4333,-110.4,95.22,33,46,7.25,MX,1627250060
Naze,28.3667,129.4833,77.92,89,100,17.4,JP,1627250060
Zhangjiakou,40.81,114.8794,70.57,93,100,5.91,CN,1627250061
Palora,-1.7,-77.9333,73.38,90,82,0.98,EC,1627250062
Krems,48.4092,15.6142,69.84,91,78,5.28,AT,1627250062
Morondava,-20.2833,44.2833,69.6,57,22,14.09,MG,1627250063
Pontes e Lacerda,-15.2261,-59.3353,83.61,30,13,3.29,BR,1627250063
Lavrentiya,65.5833,-171.0,44.49,98,100,2.95,RU,1627250064
Muzaffargarh,30.0754,71.1921,96.82,36,5,8.16,PK,1627250064
Joshīmath,30.5667,79.5667,73.63,95,100,2.19,IN,1627250065
Kinablangan,7.6947,126.5503,79.32,75,67,4.34,PH,1627250065
Ambanja,-13.6833,48.45,65.01,71,23,4.72,MG,1627250066
Eydhafushi,5.1033,73.0708,81.99,77,100,13.11,MV,1627250066
Hienghène,-20.6833,164.9333,72.09,65,5,5.61,NC,1627250067
Preeceville,51.95,-102.6677,77.92,30,99,12.93,CA,1627250067
El Salvador,13.8333,-88.9167,81.0,61,100,1.7,SV,1627250068
Yangambi,0.8102,24.4336,76.14,64,93,2.46,CD,1627250068
St. George's,12.0564,-61.7485,83.88,79,20,11.5,GD,1627250069
Pochutla,15.7432,-96.4661,91.81,71,90,5.88,MX,1627250070
Gisborne,-38.6533,178.0042,55.94,78,100,16.46,NZ,1627250070
Porto Walter,-8.2686,-72.7439,87.1,45,45,4.0,BR,1627250071
Rawson,-43.3002,-65.1023,47.73,44,33,15.17,AR,1627249857
Tulagi,-9.0996,160.1476,81.0,77,77,16.37,SB,1627250072
Pirgos,35.1167,25.7178,76.68,75,2,11.41,GR,1627250072
Scarborough,54.2797,-0.4044,59.79,83,91,8.01,GB,1627250073
Te Anau,-45.4167,167.7167,45.52,94,100,0.74,NZ,1627249924
Sørland,67.667,12.6934,54.28,85,94,6.35,NO,1627250074
Altay,47.8667,88.1167,64.45,59,75,3.36,CN,1627250074
Ishigaki,24.3448,124.1572,82.53,94,40,8.05,JP,1627250075
Putyatino,54.16,41.1169,57.11,62,20,4.09,RU,1627250075
Bethel,41.3712,-73.414,82.49,81,78,5.44,US,1627250076
Kawhia,-38.0651,174.8183,58.14,94,99,17.43,NZ,1627250076
Caluquembe,-13.7833,14.6833,57.02,32,0,1.79,AO,1627250077
Bondo,3.8146,23.6866,70.77,92,97,2.57,CD,1627250078
Turhal,40.3875,36.0811,69.78,92,8,2.48,TR,1627250078
Quatre Cocos,-20.2078,57.7625,69.91,61,48,15.82,MU,1627250079
Sheridan,44.8333,-106.9173,102.02,19,8,1.01,US,1627250079
Gold Coast,-28.0,153.4333,54.19,70,1,3.44,AU,1627250080
Myrtle Beach,33.6891,-78.8867,87.33,76,40,8.05,US,1627249798
Nemuro,43.3236,145.575,63.1,89,0,6.35,JP,1627250080
São Félix do Xingu,-6.6447,-51.995,80.26,40,69,2.33,BR,1627250081
Poli,-3.3333,36.8,54.01,66,31,6.71,TZ,1627250082
Umm Kaddadah,13.6017,26.6876,85.69,50,97,16.31,SD,1627250082
Korla,41.7597,86.1469,83.91,14,0,8.84,CN,1627250083
Bāfq,31.6128,55.4107,86.45,11,0,5.93,IR,1627250083
Afzalpur,17.2,76.35,74.7,84,47,17.31,IN,1627250084
Bud,39.447,-86.1758,88.93,73,35,4.65,US,1627250085
Lewistown,40.5992,-77.5714,90.79,51,1,4.61,US,1627250013
Weligama,5.9667,80.4167,77.45,87,98,10.98,LK,1627250085
Petropavlovsk-Kamchatskiy,53.0452,158.6483,64.99,82,0,4.47,RU,1627250086
Ponta do Sol,32.6667,-17.1,77.0,84,0,4.18,PT,1627250087
Kuybyshevo,47.8123,38.9073,72.72,50,59,7.65,RU,1627250088
Tucson,32.2217,-110.9265,77.76,83,75,1.01,US,1627249944
Hailar,49.2,119.7,59.83,85,68,4.43,CN,1627250089
Bhuj,23.2667,69.6667,82.24,82,100,18.72,IN,1627250089
Vicuña,-30.0319,-70.7081,51.53,49,2,5.97,CL,1627249916
Anapskaya,44.89,37.38,75.43,57,0,11.18,RU,1627250091
Thinadhoo,0.5333,72.9333,81.1,72,78,1.45,MV,1627249950
Ürümqi,43.801,87.6005,79.75,26,0,8.95,CN,1627250091
Riviere-au-Renard,48.9957,-64.3971,77.29,65,45,16.33,CA,1627250092
Innisfail,-17.5333,146.0333,66.02,73,90,5.5,AU,1627250093
Otane,-39.8833,176.6333,55.0,85,100,14.67,NZ,1627250093
Bandundu Province,-3.3167,17.3667,78.42,33,90,3.0,CD,1627250094
Meiktila,20.8667,95.8667,75.31,91,100,10.85,MM,1627250094
Sadasivpet,17.6212,77.9503,76.01,90,50,16.46,IN,1627250095
Zhezkazgan,47.8043,67.7144,74.46,44,0,18.19,KZ,1627250095
Aasiaat,68.7098,-52.8699,39.63,76,100,11.36,GL,1627250096
Chimoio,-19.1164,33.4833,55.26,76,90,5.46,MZ,1627250096
Saint-Paul,-21.0096,55.2707,68.09,79,88,3.38,RE,1627250097
Honchō,41.8833,140.6833,71.83,88,75,10.36,JP,1627250097
Khandagayty,50.7333,92.05,62.46,73,99,4.74,RU,1627250098
Iquique,-20.2208,-70.1431,60.84,83,100,7.58,CL,1627249942
Chokurdakh,70.6333,147.9167,45.97,57,0,10.29,RU,1627249824
Kumul,42.8,93.45,83.19,21,5,8.77,CN,1627250099
Husavik,66.0449,-17.3389,58.91,63,92,14.85,IS,1627250099
Deder,9.3167,41.45,54.55,77,100,5.26,ET,1627250100
Diamantino,-14.4086,-56.4461,81.81,33,14,5.79,BR,1627250100
São Borja,-28.6606,-56.0044,75.2,51,42,5.57,BR,1627250031
Rameshki,57.3439,36.0453,61.38,57,100,2.91,RU,1627250102
Orissaare,58.5592,23.0826,60.96,70,3,6.22,EE,1627250102
Nehe,48.4833,124.8333,68.11,98,100,2.73,CN,1627250104
Nakamura,32.9833,132.9333,75.61,92,100,3.56,JP,1627250104
Malhador,-10.6578,-37.3047,72.25,95,24,4.16,BR,1627250105
Palauig,15.435,119.9045,81.43,88,100,13.67,PH,1627250106
Arrondissement de Marseille,43.3333,5.5,74.86,62,99,6.15,FR,1627250088
Fairbanks,64.8378,-147.7164,70.02,52,75,1.99,US,1627249891
Ayr,55.4627,-4.6339,66.18,77,75,4.61,GB,1627250107
Ambon City,-3.6954,128.1814,75.34,94,40,2.3,ID,1627250107
Kang,-23.6752,22.7876,43.66,52,2,8.68,BW,1627250108
Arrecife,28.963,-13.5477,75.27,78,20,20.71,ES,1627250108
The Hague,52.0767,4.2986,66.97,90,20,1.99,NL,1627250109
São João do Piauí,-8.3581,-42.2467,80.38,40,3,8.41,BR,1627250109
Aksu,41.1231,80.2644,83.01,26,0,2.53,CN,1627250110
Barbalha,-7.3111,-39.3042,84.0,39,20,3.44,BR,1627250110
Arica,-18.475,-70.3042,62.83,72,90,10.36,CL,1627250111
Zelenoborsk,61.4669,64.0333,47.53,82,65,4.92,RU,1627250111
Cherskiy,68.75,161.3,50.4,55,12,7.7,RU,1627250112
Lethem,3.3803,-59.7968,77.05,94,20,11.5,GY,1627250112
Mount Gambier,-37.8333,140.7667,51.71,93,75,12.66,AU,1627250113
Shellbrook,53.2168,-106.4011,76.23,29,100,12.19,CA,1627250113
Huarmey,-10.0681,-78.1522,67.71,75,8,8.99,PE,1627249935
Kashgar,39.4547,75.9797,88.23,26,0,13.42,CN,1627250114
Palu,-0.8917,119.8707,73.13,93,36,3.27,ID,1627249949
Isangel,-19.55,169.2667,75.31,94,75,0.0,VU,1627250115
Severo-Yeniseyskiy,60.3725,93.0408,61.77,69,50,3.91,RU,1627250116
Matara,5.9485,80.5353,77.49,87,98,10.94,LK,1627250033
Khovd,48.0056,91.6419,63.82,61,43,2.93,MN,1627250117
Ojinaga,29.5667,-104.4167,101.57,23,1,3.44,MX,1627250117
Tiarei,-17.5333,-149.3333,82.42,67,1,7.92,PF,1627250118
Puerto Ayacucho,5.6639,-67.6236,80.11,84,99,2.55,VE,1627250118
Daboh,26.0025,78.8761,83.43,77,94,7.2,IN,1627250119
Pangnirtung,66.1451,-65.7125,52.25,86,100,2.24,CA,1627250119
Puerto del Rosario,28.5004,-13.8627,74.95,64,0,13.8,ES,1627250120
Kaeo,-35.1,173.7833,60.33,96,33,9.73,NZ,1627249948
Acapulco de Juárez,16.8634,-99.8901,86.41,73,28,12.55,MX,1627250121
Igrim,63.1906,64.4162,44.83,86,3,4.68,RU,1627250122
Forestville,38.8451,-76.875,90.27,66,75,1.01,US,1627250122
Havelock,34.8791,-76.9013,86.23,76,100,8.01,US,1627250123
Davila,18.4726,120.5763,80.58,87,91,26.17,PH,1627250123
Banjar,-8.19,114.9675,73.26,77,9,2.46,ID,1627250124
Saint Anthony,45.0205,-93.218,94.14,26,20,13.8,US,1627250124
Cedar City,37.6775,-113.0619,85.19,30,1,8.05,US,1627249943
Meulaboh,4.1363,96.1285,76.33,88,95,4.92,ID,1627249843
Arona,28.0996,-16.681,68.83,51,0,9.22,ES,1627250125
Itacoatiara,-3.1431,-58.4442,82.76,56,92,2.42,BR,1627250126
Moyale,3.5167,39.0584,67.35,54,89,15.17,KE,1627250126
Portland,45.5234,-122.6762,92.64,41,0,3.0,US,1627250102
Hohhot,40.8106,111.6522,68.29,94,40,4.47,CN,1627250127
Troitsk,54.0979,61.5773,50.68,70,0,7.72,RU,1627250128
Gizo Government Station,-8.103,156.8419,81.63,77,19,7.14,SB,1627250128
Moundou,8.5667,16.0833,74.89,84,100,4.03,TD,1627250129
Talnakh,69.4865,88.3972,56.35,94,100,4.07,RU,1627250129
Dekar,-21.5333,21.9333,46.96,58,0,8.41,BW,1627250130
Caranavi,-15.8167,-67.55,69.08,67,8,2.42,BO,1627250130
Tavda,58.0425,65.2726,47.62,74,54,5.59,RU,1627250131
Iquitos,-3.7481,-73.2472,75.24,94,75,3.44,PE,1627250132
Charters Towers,-20.1,146.2667,56.93,38,10,4.97,AU,1627250132
Berlevåg,70.8578,29.0864,44.91,82,99,17.05,NO,1627250133
Villa María,-32.4075,-63.2402,55.17,58,0,7.94,AR,1627249917
Harper,4.375,-7.7169,75.49,76,22,6.24,LR,1627250134
Chon Buri,13.3,101.3,84.51,93,100,3.42,TH,1627250134
Farmington,36.7281,-108.2187,89.1,56,40,8.05,US,1627250135
Nelson Bay,-32.7167,152.15,54.09,68,0,1.99,AU,1627250135
Aquidauana,-20.4711,-55.7872,81.61,32,0,4.03,BR,1627250136
Vila Velha,-20.3297,-40.2925,71.55,68,40,9.22,BR,1627249906
San Andrés,12.5847,-81.7006,86.02,74,20,12.66,CO,1627250137
Mae Ramat,16.984,98.5166,73.72,99,100,2.24,TH,1627250137
Bontang,0.1333,117.5,75.16,90,60,5.37,ID,1627250138
Lázaro Cárdenas,17.9583,-102.2,85.95,73,17,10.33,MX,1627250138
Tessalit,20.1986,1.0114,93.22,29,100,12.53,ML,1627250139
Belgrade,44.804,20.4651,80.26,50,0,13.8,RS,1627250139
Codajás,-3.8367,-62.0569,82.9,62,63,1.36,BR,1627250140
Gōtsuchō,35.0,132.2167,77.34,73,7,3.74,JP,1627250140
Kousséri,12.0769,15.0306,75.16,94,20,2.3,CM,1627250141
Jadu,31.953,12.0261,79.23,21,0,11.5,LY,1627250141
Tamlūk,22.3,87.9167,82.38,79,100,7.14,IN,1627250142
Yaan,7.3833,8.5667,71.44,92,76,5.01,NG,1627250143
Nizhnyaya Tavda,57.6731,66.1725,51.26,67,34,6.76,RU,1627250143
Kambove,-10.8764,26.5969,54.93,48,28,6.87,CD,1627250144
Ryōtsu-minato,38.0833,138.4333,80.56,75,1,1.9,JP,1627250144
Poltavka,54.3663,71.7632,55.94,84,14,13.56,RU,1627250145
Manche,49.0,-1.1667,62.01,99,93,4.59,FR,1627250145
Tomelloso,39.1522,-3.0243,78.51,47,45,13.6,ES,1627250146
Kulykivka,51.3735,31.6466,62.28,86,75,4.61,UA,1627250146
Juneau,58.3019,-134.4197,60.84,94,98,0.89,US,1627250000
Caucayá,-0.1934,-74.7819,76.35,88,90,1.14,CO,1627250148
Zhigalovo,54.8097,105.1578,57.96,78,82,2.26,RU,1627250148
Copiague,40.6815,-73.3998,86.47,76,58,1.01,US,1627250149
Bac Lieu,9.285,105.7244,78.24,88,98,8.16,VN,1627250149
Metro,-5.1131,105.3067,70.07,89,2,3.94,ID,1627250150
Nabire,-3.3667,135.4833,76.03,85,100,4.25,ID,1627250150
Qiongshan,20.0058,110.3542,78.78,94,40,8.95,CN,1627250151
Camaná,-16.6228,-72.7111,60.42,85,73,3.02,PE,1627250151
Porterville,36.0652,-119.0168,101.75,17,1,5.75,US,1627250152
Ola,59.5833,151.2833,55.0,94,100,3.09,RU,1627249967
Ballina,-28.8667,153.5667,49.96,57,0,8.05,AU,1627250152
Lábrea,-7.2586,-64.7981,87.53,42,81,2.24,BR,1627250153
Bandar-e Lengeh,26.5579,54.8807,95.11,49,42,4.61,IR,1627250154
Cimişlia,46.52,28.7842,69.94,52,52,3.6,MD,1627250154
Loncoche,-39.3667,-72.6333,50.68,95,84,4.21,CL,1627250155
Phuket,8.0,98.25,87.1,78,20,14.97,TH,1627250155
San Patricio,28.017,-97.5169,95.72,46,0,13.44,US,1627250156
Moose Factory,51.2585,-80.6094,60.8,77,20,13.8,CA,1627250156
Dossor,47.5272,52.9811,79.41,29,0,16.28,KZ,1627250157
Sur,22.5667,59.5289,93.22,49,54,9.4,OM,1627250158
Yulara,-25.2406,130.9889,42.64,61,4,4.61,AU,1627250158
Irtyshskiy,58.3333,68.1333,49.12,74,17,9.46,RU,1627250159
Abay,49.6311,72.8539,64.78,85,32,11.07,KZ,1627250159
Nangong,37.3581,115.3744,75.29,79,3,7.45,CN,1627250160
Chiplūn,17.5333,73.5167,77.2,93,100,8.63,IN,1627250160
Teya,60.3778,92.6267,63.57,72,39,2.75,RU,1627249961
Beloha,-25.1667,45.05,62.31,64,64,10.96,MG,1627250161
Soe,-9.8607,124.284,60.39,65,30,4.5,ID,1627250161
Teguise,29.0605,-13.564,68.22,78,20,20.71,ES,1627250162
Myaundzha,63.0494,147.1858,53.06,97,100,4.9,RU,1627250162
Flin Flon,54.7682,-101.865,66.04,63,40,5.75,CA,1627250163
Sault Ste. Marie,46.5168,-84.3333,79.09,48,1,12.66,CA,1627250009
Russell,32.3502,-85.1999,92.91,60,1,4.61,US,1627249891
Hervey Bay,-25.2986,152.8535,58.03,60,4,12.44,AU,1627250071
Chu,43.5983,73.7614,80.22,20,0,8.59,KZ,1627250165
Waipawa,-41.4122,175.5153,50.63,89,100,15.35,NZ,1627250165
Kwinana,-32.25,115.7667,55.92,64,15,21.72,AU,1627250166
Egvekinot,66.3167,-179.1667,44.94,89,100,1.61,RU,1627249970
Carutapera,-1.195,-46.02,76.91,84,92,6.26,BR,1627250166
Basqal,40.7552,48.391,66.47,68,1,4.43,AZ,1627250167
Ixtapa,20.7,-105.2,90.23,71,24,5.01,MX,1627250167
Isiro,2.7739,27.616,67.95,94,100,1.16,CD,1627250168
Ust'-Koksa,50.2696,85.6108,54.66,91,85,0.78,RU,1627250168
Monrovia,6.3005,-10.7969,76.21,77,97,7.25,LR,1627249923
Ngunguru,-35.6167,174.5,60.17,86,22,11.92,NZ,1627250169
Tadine,-21.55,167.8833,73.83,69,6,14.54,NC,1627250170
Belaya Gora,68.5333,146.4167,51.76,48,8,11.83,RU,1627250170
Jaora,23.6333,75.1333,74.01,97,100,15.37,IN,1627250171
Arrondissement d'Arcachon,44.5875,-1.0519,64.72,94,20,2.3,FR,1627250171
Sioux Lookout,50.1001,-91.917,80.67,39,75,16.11,CA,1627250172
Benguela,-12.5763,13.4055,69.39,84,46,4.16,AO,1627250173
Lazarev,52.225,141.5131,60.93,96,100,21.25,RU,1627250174
Buinsk,54.95,48.2833,58.89,59,72,3.74,RU,1627250174
Yerbabuena,20.9667,-101.2667,83.05,35,29,10.69,MX,1627250175
Pimentel,-6.8367,-79.9342,71.89,79,40,4.0,PE,1627250175
Basoda,23.85,77.9333,76.37,90,99,13.71,IN,1627250176
Kjøllefjord,70.9457,27.3465,44.73,82,100,13.67,NO,1627250176
Ubon Ratchathani,15.1667,105.1667,75.09,95,100,8.9,TH,1627250177
Amazar,53.858,120.875,61.09,91,96,4.34,RU,1627249967
Amahai,-3.3333,128.9167,76.01,87,99,3.62,ID,1627250178
Mandalgovi,45.7625,106.2708,58.55,82,100,10.2,MN,1627250178
Great Falls,47.5002,-111.3008,96.93,11,1,3.0,US,1627249993
Katsuura,35.1333,140.3,82.11,78,40,14.72,JP,1627250179
Ahipara,-35.1667,173.1667,59.41,89,14,12.86,NZ,1627250180
Evensk,61.95,159.2333,49.23,99,100,7.7,RU,1627250180
Oron,4.8256,8.2343,73.65,85,83,3.42,NG,1627250181
Bagdarin,54.4333,113.6,56.84,77,67,4.03,RU,1627250181
Laas,46.6166,10.7002,60.03,88,57,2.66,IT,1627250182
Ombessa,4.603,11.2565,67.12,98,100,3.74,CM,1627250183
Mt. Pleasant,32.7941,-79.8626,88.3,75,40,1.01,US,1627249949
Sisimiut,66.9395,-53.6735,48.06,73,100,8.12,GL,1627250184
Anadyr,64.75,177.4833,52.3,100,90,4.0,RU,1627250184
Hochstadt,49.2475,8.2089,69.67,69,69,4.97,DE,1627250185
Honningsvåg,70.9821,25.9704,45.63,75,100,12.57,NO,1627250185
Toora-Khem,52.4675,96.11,58.87,97,100,1.05,RU,1627250186
Campbell River,50.0163,-125.2446,78.26,45,20,8.05,CA,1627250186
Sulangan,11.1373,123.7228,84.07,71,56,14.72,PH,1627250187
Gamba,-2.65,10.0,70.45,90,83,1.63,GA,1627250187
Arlit,18.7369,7.3853,99.79,14,61,12.1,NE,1627249935
Tūkrah,32.5341,20.5791,78.49,68,0,8.97,LY,1627250188
Mbandaka,0.0487,18.2603,73.9,66,91,3.74,CD,1627250189
Sinjār,36.3209,41.8754,91.89,23,0,9.91,IQ,1627250189
Cockburn Town,21.4612,-71.1419,85.96,70,40,9.22,TC,1627250190
Philadelphia,39.9523,-75.1638,88.99,67,56,7.0,US,1627250075
Port Blair,11.6667,92.75,81.93,86,100,17.49,IN,1627250191
Plettenberg Bay,-34.0527,23.3716,58.55,46,98,6.38,ZA,1627250191
Katsina,12.9894,7.6006,78.73,72,91,12.62,NG,1627250192
Batticaloa,7.7102,81.6924,81.43,74,100,3.94,LK,1627250193
Jacareacanga,-6.2222,-57.7528,84.63,40,37,1.45,BR,1627250193
Chiang Klang,19.2938,100.8617,74.62,100,100,1.74,TH,1627250194
Altea,38.5989,-0.0514,80.37,90,22,1.66,ES,1627250194
Poum,-20.2333,164.0167,72.91,74,4,18.41,NC,1627250195
Rengasdengklok,-6.1592,107.2981,78.57,84,22,4.56,ID,1627250195
Gondanglegi,-7.7479,112.0132,68.88,89,9,5.08,ID,1627250196
Necochea,-38.5473,-58.7368,46.04,85,100,16.58,AR,1627250196
Ratlām,23.3167,75.0667,73.06,97,100,14.67,IN,1627250197
Igarka,67.4667,86.5833,53.58,95,66,4.21,RU,1627250198
